reference_id,SMILES,skin_reaction
AUG-0001,CCCCCCCCCCCCCBr,1
AUG-0002,CN(C)CCCN,1
AUG-0003,O=C1C=CC(=O)O1,1
AUG-0004,NCCNCCO,1
AUG-0005,Oc1c(Cl)c(Cl)c(Cl)c(Cl)c1Cl,1
AUG-0006,COc1cc(C)c2c(Cl)c(OC)ccc2n1,0
AUG-0007,CCCOC(=O)c1ccc(C(=O)CBr)cc1,1
AUG-0008,CCCCC(C=O)=Cc1ccccc1,1
AUG-0009,COC(=O)C(C)=O,1
AUG-0010,C=CCc1cc(C)c(O)c(OC)c1,1
AUG-0011,CCCCBr,0
AUG-0012,O=C(Oc1ccccc1)c1ccccc1,1
AUG-0013,N#CCCC(Br)(C#N)CBr,1
AUG-0014,CCN(CCNS(C)(=O)=O)c1ccc(N)c(C)c1,1
AUG-0015,Cc1cc(N)ccc1N,1
AUG-0016,CCC(=O)c1cccc(Cl)c1,0
AUG-0017,O=C(O)c1cccc(-c2cc(Cl)cc([N+](=O)[O-])c2O)c1,1
AUG-0018,CC(=O)c1ccc(Cc2ccc(F)cc2)o1,0
AUG-0019,C=C(C)C1CC=C(C)C(=O)C1,1
AUG-0020,C=CC(=O)OC,1
AUG-0021,CCCCCCCCCCCBr,1
AUG-0022,CCOC(=O)c1ccccc1C(=O)OCC,0
AUG-0023,CCCOc1ccc(Br)c(C(=O)c2ccc(OC)cc2O)c1,0
AUG-0024,CCOC(=O)c1nnc[nH]1,0
AUG-0025,CN(N=O)C(N)=O,1
AUG-0026,CCCN(CCC)c1c([N+](=O)[O-])cc(C(F)(F)F)cc1[N+](=O)[O-],1
AUG-0027,CCCCCCCCCBr,0
AUG-0028,CCCOC(=O)c1ccc(C(=O)C=C)cc1,1
AUG-0029,O=C(NCNC(=O)NC1C(=O)NC(=O)N1CO)NC1C(=O)NC(=O)N1CO,1
AUG-0030,C[N+](C)(C)c1ccc2c(c1)C(=NNc1ccc(N)c([N+](=O)[O-])c1)C(=O)C=C2,0
AUG-0031,NCCNCCN,1
AUG-0032,CCN(CC)CCCCCCBr,1
AUG-0033,CCCCCC(=O)CC(=O)c1ccccc1,1
AUG-0034,C=C(C)C1CC=C(C=O)CC1,1
AUG-0035,O=C1OC(=O)c2ccccc21,1
AUG-0036,C(CCCOCC1CO1)CCOCC1CO1,1
AUG-0037,C=C(C)C(=O)OCCOC(=O)C(=C)C,1
AUG-0038,CCOC(=O)CC(=O)c1ccccc1,0
AUG-0039,Nc1cccc(N)c1,1
AUG-0040,COc1ccc2nc(Cl)cc(C)c2c1,0
AUG-0041,CC=Cc1ccc(OC(C)C)c(OC)c1,1
AUG-0042,CC(=O)CC(=O)c1cc(C)c(C)c(C)c1C,1
AUG-0043,Cc1cc(=O)n(-c2ccccc2)[nH]1,1
AUG-0044,CCCCCC=CCC=CCCCCCCCC(=O)O,1
AUG-0045,CCCCc1ccc(C(=O)CC(=O)c2cc(C)c(C)c(C)c2C)cc1,0
AUG-0046,CC(C)C1=CC2=CCC3C(C)(C(=O)O)CCCC3(C)C2CC1,1
AUG-0047,CCCOC(=O)c1ccccc1,1
AUG-0048,CCCCCCCCC(=O)NCCC(CCC(=O)O)c1ccccc1S(=O)(=O)O,1
AUG-0049,CC(=O)C=Cc1ccccc1,1
AUG-0050,CC(C=O)Cc1ccc(C(C)(C)C)cc1,1
AUG-0051,O=C(O)Cc1ccc(C(=O)O)cc1,1
AUG-0052,COc1cc(C)c2c(Oc3cccc(C(F)(F)F)c3)c(OC)cc([N+](=O)[O-])c2n1,1
AUG-0053,CCCCCCCCCCCCCCCCCl,1
AUG-0054,CCCOC(=O)c1ccc(O)c(Cl)c1,0
AUG-0055,CC1(C)CC(CBr)C(=O)O1,1
AUG-0056,Cc1c2ccc(Nc3ccnc(Cl)n3)cc2nn1C,0
AUG-0057,O=C1OC(=O)C2CCCCC12,1
AUG-0058,ClCc1ccc2ccc3cccc4ccc1c2c34,1
AUG-0059,CCOC(=O)C(=NOC(C)(C)C(=O)OC(C)(C)C)c1csc(NC(c2ccccc2)(c2ccccc2)c2ccccc2)n1,0
AUG-0060,CCOCc1cc(OC)c(B(O)O)c(OC)c1,0
AUG-0061,CCCOC(=O)c1ccc(O)c(OC)c1,0
AUG-0062,CC(C)N(C(=O)CN1C(=O)C(N)C(=O)N(c2ccccc2)c2ccccc21)c1ccccc1,0
AUG-0063,Oc1cccc(O)c1,1
AUG-0064,C=C1CC(C)(C)OC1=O,1
AUG-0065,CC(C=O)Cc1ccc(C(C)C)cc1,1
AUG-0066,O=[N+]([O-])c1ccc(CBr)cc1,1
AUG-0067,CC=CC=CC=O,1
AUG-0068,CCN(CC)CCN(Cc1ccc(-c2ccc(C(F)(F)F)cc2)cc1)C(=O)Cn1c(SCc2ccc(F)cc2)nc(=O)c2c1CCC2,1
AUG-0069,CC(C)(C)OC(=O)N1CC(F)CC1C(N)=O,0
AUG-0070,CCOC(=O)CC(=O)c1cc(C)c(C)c(C)c1C,1
AUG-0071,C=CCc1ccc(O)c(OC)c1,1
AUG-0072,CN(C)CCOC(C)(c1ccccc1)c1ccc(Br)cc1,1
AUG-0073,O=CC=O,1
AUG-0074,C=CC1(C)CC(OC(=O)CSC2CC3CCC(C2)N3C)C2(C)C(C)CCC3(CCC(=O)C32)C(C)C1O,0
AUG-0075,Cc1c2ccc(N)cc2nn1C,0
AUG-0076,C=C(C)C(=O)OCC(O)COc1ccc(C(C)(C)c2ccc(OCC(O)COC(=O)C(=C)C)cc2)cc1,1
AUG-0077,O=C(CS)OCC(O)CO,1
AUG-0078,NS(=O)(=O)c1cccc(CCCCOCCCCCCBr)c1,0
AUG-0079,CCCOc1ccc2c(c1)C(O)(c1ccc(OC)cc1OCc1ccccc1)C(C(=O)N1C(=O)N(C)C(C)C1c1ccccc1)C2c1ccc2c(c1)OCO2,0
AUG-0080,CC=Cc1ccc(OC)cc1,1
AUG-0081,CCCCCCCCCCCCCCCCCC1=NC(C)(C)C(=O)O1,1
AUG-0082,CC(C)(C)OC(=O)N1CC(F)CC1C(=O)O,0
AUG-0083,O=c1[nH]cnc2ccc(I)cc12,0
AUG-0084,CCCCCCCCCCCCS(=O)(=O)OC,1
AUG-0085,CCCCCCCCCCCCCCCCCBr,1
AUG-0086,CCC=CCC=CCC=CCCCCCCCC(=O)O,1
AUG-0087,CCCOC(=O)c1ccc(CBr)cc1,1
AUG-0088,NC1CCCCC1N,1
AUG-0089,COc1cc(CC#N)c([N+](=O)[O-])cc1C(F)(F)F,0
AUG-0090,CN1C2CCC1CC(O)C2,1
AUG-0091,O=[N+]([O-])c1ccc(Cl)c([N+](=O)[O-])c1,1
AUG-0092,COC(=O)c1ccc(O)cc1,0
AUG-0093,CCOC(=O)c1ccc(I)cc1,1
AUG-0094,N#Cc1c(Cl)c(Cl)c(Cl)c(C#N)c1Cl,1
AUG-0095,O=C1CCc2ccccc2O1,1
AUG-0096,CNc1cccc(NC)c1,1
AUG-0097,OCCCCCCCCCCCCBr,1
AUG-0098,CC(C)(c1ccc(OCC2CO2)cc1)c1ccc(OCC2CO2)cc1,1
AUG-0099,CCCOC(=O)c1ccc(OCC2CO2)cc1,1
AUG-0100,C=CCc1cc(OC)c(O)cc1C,1
AUG-0101,Nc1ccc(N)c2c1C(=O)c1ccccc1C2=O,1
AUG-0102,CNC1C(OC2C(OC3C(O)C(O)C(NC(=N)N)C(O)C3NC(=N)N)OC(C)C2(O)C=O)OC(CO)C(O)C1O,0
AUG-0103,Nc1ccc(NCCO)c([N+](=O)[O-])c1,1
AUG-0104,CC(C)COC(=O)c1ccc(O)cc1,0
AUG-0105,CCCCCCCCCCCCCC(=O)OC(C)C,1
AUG-0106,COc1cc(C)c2c(Oc3cccc(C(F)(F)F)c3)c(OC)cc(N)c2n1,0
AUG-0107,CCCCCCCCCCl,0
AUG-0108,O=c1[nH]cco1,1
AUG-0109,CC(CC(=O)Cl)CC(C)(C)C,1
AUG-0110,CC1=C(C=O)C(C)(C)CC=C1,1
AUG-0111,CC(C)(C)OC(=O)c1cccc(N)c1,0
AUG-0112,CCCCCn1c(=O)[nH]c(=O)c2[nH]c(Cl)nc21,1
AUG-0113,CN1C2CCC1CC(OS(C)(=O)=O)C2,1
AUG-0114,CCC(C)OC(=O)c1ccc(O)cc1,0
AUG-0115,CCCCCCCCCCCCCC[N+](C)(C)Cc1ccccc1,1
AUG-0116,CCOC(=S)S,1
AUG-0117,CCOC(=O)C=CC(=O)OCC,1
AUG-0118,CC1C=CC(C(C)C)CC1,0
AUG-0119,CCCOC(=O)c1ccc(N=C=O)cc1,1
AUG-0120,CCCCCCCCCCCCOS(=O)(=O)O,1
AUG-0121,O=CNc1cc(C(O)CBr)ccc1OCc1ccccc1,0
AUG-0122,Cc1ccc(C)c(C(=O)CC(=O)c2cc(C)ccc2C)c1,0
AUG-0123,C(=NC1CCCCC1)=NC1CCCCC1,1
AUG-0124,CCOc1cc(C=O)ccc1O,0
AUG-0125,C=CC(=O)OCC(COC(=O)C=C)C(CC)OC(=O)C=C,1
AUG-0126,CC(C)=CCCC(C)=CCCC(C)=CCCC=C(C)CCC=C(C)CCC=C(C)C,1
AUG-0127,CC(=O)C(C)=O,1
AUG-0128,CN(C)C(=S)SSC(=S)N(C)C,1
AUG-0129,CCOc1ccc(C(=O)Cc2ccc(S(C)(=O)=O)cc2)cc1,0
AUG-0130,Cc1cc(=O)n(-c2ccc(C)c(C)c2)[nH]1,1
AUG-0131,Nc1ccc(OCCO)c(N)c1,1
AUG-0132,CC(C)N(C(=N)N)C(=N)Nc1ccc(Cl)c(Cl)c1,1
AUG-0133,CCc1ccc(CC)c(C(=O)CC(C)=O)c1,1
AUG-0134,O=C(C(=O)c1ccccc1)C1=CCC(Br)(Br)C=C1,1
AUG-0135,CC(C=O)=Cc1ccccc1,1
AUG-0136,CCCOC(=O)c1ccc(F)cc1,1
AUG-0137,C=CCc1cc(C)c(OC)c(O)c1,1
AUG-0138,OCC=Cc1ccccc1,1
AUG-0139,CCOS(=O)(=O)OCC,1
AUG-0140,Cc1ncccc1Oc1ccc(N)cn1,1
AUG-0141,CCC(N)c1ccccc1,0
AUG-0142,COc1cc(C)ccc1O,1
AUG-0143,CC(C)(C)OC(=O)NC(C(=O)O)C(c1ccc(F)cc1)c1ccc(F)cc1,0
AUG-0144,OCC(O)CO,0
AUG-0145,Cc1cc(O)ccc1N,1
AUG-0146,O=C1C=CC(=O)C=C1,1
AUG-0147,O=C(O)c1c(O)c(-c2ccccc2)nc2ccccc12,0
AUG-0148,O=C(OCc1ccccc1)c1ccccc1,1
AUG-0149,O=C1CCO1,1
AUG-0150,COC(=O)CCC(C#N)(CCC(=O)OC)c1ccc(OC)c(OC2CCCC2)c1,0
AUG-0151,CCCCCCCCCCCCCCCCCCBr,1
AUG-0152,CCCCCCCCCCCCCCCCCCCCBr,1
AUG-0153,C=CC1(C)CC(OC(=O)CO)C2(C)C(C)CCC3(CCC(=O)C32)C(C)C1O,0
AUG-0154,CCCCN1CCC(CNC(=O)c2c3n(c4ccccc24)CCCO3)CC1,0
AUG-0155,COc1ccc(C2(C#N)CCC(=O)CC2)cc1OC1CCCC1,0
AUG-0156,CC=Cc1cc(C)c(O)c(OC)c1,1
AUG-0157,Cc1ccc2oc(=O)ccc2c1,0
AUG-0158,CS(C)=O,1
AUG-0159,O=c1c(-c2ccccc2)c1-c1ccccc1,1
AUG-0160,O=CCc1ccccc1,1
AUG-0161,FOC1=C2CCC(C2)C1,1
AUG-0162,CCCCO,0
AUG-0163,O=C(O)c1ccc(O)cc1,0
AUG-0164,O=C(OC1CCCC1)c1ccc(O)cc1,0
AUG-0165,CCCCCCCC=CC=O,1
AUG-0166,CCCCCCCCCCCCCCCCBr,1
AUG-0167,Nc1ccccc1O,1
AUG-0168,CCN(CC)CCCCCCO,1
AUG-0169,COc1cc([N+](=O)[O-])c2[nH]c(=O)cc(C)c2c1Cl,1
AUG-0170,CCCCCCCCCCCCCCCC(=O)Cl,1
AUG-0171,COc1cc2c(cc1C(F)(F)F)NCC2,1
AUG-0172,CCCCNC(=O)OC#CCI,1
AUG-0173,Cc1c2ccccc2c(C)c2c1ccc1ccccc12,1
AUG-0174,CCCCCCCCCCCCC(Br)C(=O)O,1
AUG-0175,CCCCCCCCCCCC1=NC(C)(C)C(=O)O1,1
AUG-0176,C=CCc1ccc(OC)cc1,1
AUG-0177,O=C(O)C=CC(=O)O,0
AUG-0178,CCCCCCC#CC(=O)OC,1
AUG-0179,CCCCCCCCCI,1
AUG-0180,O=CC=C(c1ccccc1)c1ccccc1,1
AUG-0181,COc1ccc2[nH]c(=O)cc(C)c2c1,0
AUG-0182,Cc1nc2ccccc2c(=O)o1,1
AUG-0183,O=C1NS(=O)(=O)c2ccccc21,0
AUG-0184,NCCCNCCCN,1
AUG-0185,O=C(OOC(=O)c1ccccc1)c1ccccc1,1
AUG-0186,CCCCCCCCCCCCCCCCS(=O)(=O)OC,1
AUG-0187,C=C(C)C1CCC(C)=C(N=O)C1,1
AUG-0188,O=Cc1ccc(-c2ccc(C(F)(F)F)cc2)cc1,0
AUG-0189,CC(C)O,0
AUG-0190,C=CC(=O)OCC(CC)(COC(=O)C=C)COC(=O)C=C,0
AUG-0191,CC(C)COC(=O)c1cc(O)c(O)c(O)c1,1
AUG-0192,CCCCCCCCC=CCCCCCCCCOS(C)(=O)=O,1
AUG-0193,CCCCCCCCCCI,1
AUG-0194,CCCCOCC1CO1,1
AUG-0195,COc1ccc(C(C)=O)cc1,0
AUG-0196,Fc1ccc(Oc2ccnc3cc(Cl)cc(Cl)c23)cc1,0
AUG-0197,Cc1ccc(N)cc1O,1
AUG-0198,Oc1cccc2ccccc12,1
AUG-0199,Nc1ccc(N(CO)CCO)cc1[N+](=O)[O-],1
AUG-0200,O=C(O)c1ccc2c(c1)C(=O)OC2=O,1
AUG-0201,C=C(C=CCC(C)C)CC,0
AUG-0202,CC(C)OC(=O)c1ccc(O)cc1,0
AUG-0203,C=CC(=O)OCCCC,1
AUG-0204,Cc1ccc(CCC=O)cc1,1
AUG-0205,COc1ccc(Nc2ccc(CCNCC(O)c3ccc(O)c4[nH]c(=O)ccc34)cc2)cc1-c1ccccc1,0
AUG-0206,Cc1ccc(N)cc1S(N)(=O)=O,0
AUG-0207,CCCOC(=O)c1ccc(C(=O)CCl)cc1,1
AUG-0208,C=CCC1(C)C=C(OC)C(=O)CC1,1
AUG-0209,O=CCCCC=O,1
AUG-0210,CCCCCC,0
AUG-0211,O=C(OCc1ccccc1)c1cc(O)c(O)c(O)c1,1
AUG-0212,C=CC(C)(O)CCC=C(C)C=O,1
AUG-0213,O=C(OC1CCCCC1)c1ccc(O)cc1,0
AUG-0214,COC1C=COC2(C)Oc3c(C)c(O)c4c(O)c(cc(O)c4c3C2=O)NC(=O)C(C)=CC=CC(C)C(O)C(C)C(O)C(C)C(OC(C)=O)C1C,0
AUG-0215,CCCCCCCCC=CCCCCCCCC(=O)O,1
AUG-0216,CC1=CCC(C(C)C)C=C1,1
AUG-0217,CC(=O)CCCN1C(=O)c2ccccc2C1=O,0
AUG-0218,CC(C=O)c1ccccc1,1
AUG-0219,O=c1ccc2ccccc2o1,0
AUG-0220,CCOc1cc(Oc2ccc(C(F)(F)F)cc2Cl)ccc1[N+](=O)[O-],0
AUG-0221,CC(I)CCCN1C(=O)c2ccccc2C1=O,1
AUG-0222,CNc1ccc(O)cc1,1
AUG-0223,CCCOC(=O)c1ccc(OC)cc1,1
AUG-0224,CCCOC(=O)c1ccc(N=C=S)cc1,1
AUG-0225,CC1(C)CC(N)CC(C)(CN)C1,1
AUG-0226,CCCCCCCCCCCCCCCCC(CS(=O)(=O)O)C(=O)OC,1
AUG-0227,CCC(O)C(CO)CO,1
AUG-0228,CCOC(=O)C(C)(C)Oc1ccc(Cl)cc1,0
AUG-0229,CCCCCCCCCCCC(=O)OC(C)C(=O)OC(C)C(=O)O,1
AUG-0230,Nc1ccc(S(=O)(=O)O)cc1,0
AUG-0231,CC(C)(CC1Cc2ccccc2C1)NCC(O)COc1cc(CCC(=O)O)cc(F)c1F,0
AUG-0232,Clc1ncnc2ccc(I)cc12,1
AUG-0233,C=CC(=O)OCCO,1
AUG-0234,CCN(N=O)C(N)=O,1
AUG-0235,O=CC=Cc1ccccc1,1
AUG-0236,C=C1CCC(C(C)C)CC1,0
AUG-0237,O=C(OC1CC1)c1ccc(O)cc1,0
AUG-0238,Cc1ccc(Nc2nccc(N(C)c3ccc4c(C)n(C)nc4c3)n2)cc1S(N)(=O)=O,0
AUG-0239,CC(=O)C1CCCCC1=O,0
AUG-0240,O=C(O)CCCCCCCCCCCBr,1
AUG-0241,CCCOC(=O)c1cc(O)c(O)c(O)c1,1
AUG-0242,C=CC(=O)OCC(CO)(COC(=O)C=C)COC(=O)C=C,0
AUG-0243,CCCc1ccc(O)c(OC)c1,1
AUG-0244,CC=Cc1ccc(O)c(OC)c1,1
AUG-0245,O=[N+]([O-])c1ccc(S(=O)(=O)O)c([N+](=O)[O-])c1,1
AUG-0246,CC(C)=CCCC(C)=CCO,1
AUG-0247,O=c1c(O)c(O)c1=O,1
AUG-0248,c1ccncc1,1
AUG-0249,Sc1nc2ccccc2s1,1
AUG-0250,CCCC=CC=O,1
AUG-0251,O=C(Oc1ccc([N+](=O)[O-])cc1)OC1COC2OCCC12,1
AUG-0252,CCC(C)C1C(=O)NC(C2Cc3ccccc3C2)C(=O)N1C(C(=O)N1CCOCC1)c1coc(C)n1,0
AUG-0253,O=[N+]([O-])c1ccc(OCc2cccc(F)c2)c(Cl)c1,1
AUG-0254,O=c1[nH]c(=S)[nH]c2c1CCC2,0
AUG-0255,Cc1c2ccc(N(C)c3ccnc(Cl)n3)cc2nn1C,0
AUG-0256,Nc1cccc(O)c1,1
AUG-0257,CC(=O)OCC(=O)C1(O)C(C)CC2C3CCC4=CC(=O)C=CC4(C)C3=CCC21C,0
AUG-0258,Oc1ccc(O)cc1,1
AUG-0259,CCCCCC(C=O)=Cc1ccccc1,1
AUG-0260,CCCCCCC(C=O)=Cc1ccccc1,1
AUG-0261,CCCCCCCC(Br)CCCCCC,1
AUG-0262,CC(CC=O)CCCC(C)(C)O,1
AUG-0263,COc1ccc(NC(=O)CC(C)=O)cc1,1
AUG-0264,Nc1ccc(Cl)c(Cl)c1,1
AUG-0265,C=Cc1ccncc1,1
AUG-0266,CCOC(=O)c1cc(O)c(O)c(O)c1,1
AUG-0267,C=C1C=CC(C(C)C)CC1,1
AUG-0268,CCCCCCCCCCCCCCC=CS(=O)(=O)OC,1
AUG-0269,CC(C)(C)N(CC(=O)c1ccc(O)c(CO)c1)Cc1ccccc1,1
AUG-0270,O=C(Cl)c1ccc(F)c(Cl)c1,1
AUG-0271,CCOC(=O)C(Cc1ccc(O)cc1)NC(=O)OC(C)(C)C,0
AUG-0272,COc1cc(C(=O)CC(=O)C(C)(C)C)cc(OC)c1OC,0
AUG-0273,Clc1ccccc1C(c1ccccc1)(c1ccccc1)n1ccnc1,1
AUG-0274,CCCCCCCCCC1=NC(C)(C)C(=O)O1,1
AUG-0275,Cn1sc(Cl)cc1=O,1
AUG-0276,O=Cc1cc(O)ccc1Br,1
AUG-0277,N=C1CC(=Nc2ccc(N)cc2)C(=N)CC1=Nc1ccc(N)cc1,1
AUG-0278,Cc1nc(COc2ccc(CC(NC(=O)OC(C)(C)C)C3CO3)cc2)cs1,0
AUG-0279,CC=Cc1ccc(O)c(OC)c1C,1
AUG-0280,O=C(O)C(O)C(O)C(=O)O,0
AUG-0281,C=C1CC(C(=C)C)CC=C1C,1
AUG-0282,CCCCCCCCCCCCI,1
AUG-0283,C=C(C)C(=O)OC,1
AUG-0284,CCCCCCCCO,1
AUG-0285,CCCOc1ccc(Br)c(C(=O)O)c1,0
AUG-0286,CC(C)CCCCCC(=O)Cl,1
AUG-0287,CCNc1nc(Cl)nc(NC(C)C)n1,0
AUG-0288,C=C(C)C1CC=C(C)CC1,1
AUG-0289,CC(C)(C)C(=O)CC(=O)C(C)(C)C,1
AUG-0290,Cc1ccc(NCCO)cc1O,1
AUG-0291,Nc1ccc(S(N)(=O)=O)cc1,0
AUG-0292,CC(=O)CC(=O)c1cc(C)ccc1C,1
AUG-0293,COC(=O)OC,0
AUG-0294,Nc1ccccc1,1
AUG-0295,CC1(C)SC2C(NC(=O)Cc3ccccc3)C(=O)N2C1C(=O)O,1
AUG-0296,NCc1cccc(CN)c1,1
AUG-0297,CC(C)(C)COC(=O)c1ccc(O)cc1,0
AUG-0298,CCCOc1cccc(C(=O)O)c1,0
AUG-0299,COC1=CC=C2C3Cc4ccc(O)c5c4C2(CCN3C)C1O5,1
AUG-0300,CC(Br)CCCN1C(=O)c2ccccc2C1=O,1
AUG-0301,CCCCCCCCC(=O)Cl,1
AUG-0302,C=CCOC(=O)c1cc(O)c(O)c(O)c1,1
AUG-0303,CCCCCCBr,1
AUG-0304,CCCCCCCCCCCCCCCCI,1
AUG-0305,Nc1ccc(N)c([N+](=O)[O-])c1,1
AUG-0306,CC(C)=CCCC(C)=CCCC(C)=CC=O,1
AUG-0307,CCCCCCCCCCCCCCCCCCCCCCBr,1
AUG-0308,CCCCCCCCCCCCCCCCCCI,0
AUG-0309,COc1cc(C=O)ccc1O,0
AUG-0310,CC(=O)C(=O)CC(C)C,1
AUG-0311,OCCCCCCCl,0
AUG-0312,COc1ccc(C2(C#N)CCC(C(=O)O)CC2)cc1OC1CCCC1,0
AUG-0313,CCCCCCCCCCCCOC(=O)c1cc(O)c(O)c(O)c1,1
AUG-0314,CCCCCCCCCCCCCCCl,1
AUG-0315,C=C(C)C(=O)O,1
AUG-0316,C=C1CC(C(=C)C)CCC1C,0
AUG-0317,O=C(O)CCC(=O)O,0
AUG-0318,C=CCOC(=O)c1ccc(O)cc1,0
AUG-0319,CCOC(=O)c1ccc(N)cc1,0
AUG-0320,CCCOc1ccc(C=CC(=O)N2C(=O)N(C)C(C)C2c2ccccc2)c(C(=O)c2ccc(OC)cc2OCc2ccccc2)c1,0
AUG-0321,CCC(C=O)CC,1
AUG-0322,CCC(C)(C)C1CCC(CC=O)CC1,1
AUG-0323,COc1cc(N)c2nccc(C)c2c1,0
AUG-0324,NCC1OC(OC2C(N)CC(N)C(OC3OC(CO)C(O)C(N)C3O)C2O)C(O)C(O)C1O,0
AUG-0325,COS(C)(=O)=O,1
AUG-0326,CCC=CCCCCC=O,1
AUG-0327,CCC=CC=CC=O,1
AUG-0328,CCCCCCCC(=O)O,0
AUG-0329,O=C(O)C(=NOCc1ccccc1)C(=O)O,0
AUG-0330,C=C(Cl)Cl,0
AUG-0331,BrCc1ccccc1,1
AUG-0332,CCC(=O)C=Cc1ccc(OC)cc1,1
AUG-0333,CC(O)C(=O)O,0
AUG-0334,CC(CC(=O)Oc1ccc(S(=O)(=O)O)cc1)CC(C)(C)C,1
AUG-0335,CCCCCCI,0
AUG-0336,C=C(C)C(=O)OCC(C)O,0
AUG-0337,C=CC(=O)N1C(=O)N(C)C(C)C1c1ccccc1,1
AUG-0338,CC(C)N(C#N)C#N,0
AUG-0339,CS(=O)(=O)CCN,0
AUG-0340,CC(=O)C(C)C(=O)c1ccccc1,1
AUG-0341,NCCN,1
AUG-0342,CCOC(=O)CC(=O)c1cc(F)c(Cl)nc1Cl,0
AUG-0343,CCCCCCCCCCCCOS(C)(=O)=O,1
AUG-0344,Clc1nc(Cl)nc(Cl)n1,1
AUG-0345,O=C1OC2(c3ccc(O)cc3Oc3cc(O)ccc32)c2ccc(N=C=S)cc21,1
AUG-0346,CC=Cc1ccc(O)c(OC(C)C)c1,1
AUG-0347,COc1cc(C)c2c(Oc3cccc(C(F)(F)F)c3)c(OC)cc(NC(C)CCCN3C(=O)c4ccccc4C3=O)c2n1,0
AUG-0348,Nc1ccccc1Nc1ccccc1,1
AUG-0349,CCCCCCCCCCCCCCBr,1
AUG-0350,CCOC(=O)CC1CC2CCC(C1)N2C,1
AUG-0351,CN(C)c1ccc(N=O)cc1,1
AUG-0352,Clc1ccnc(Cl)n1,1
AUG-0353,CCCCCCCCC(=O)O,0
AUG-0354,O=Cc1ccccc1,0
AUG-0355,O=C(C(=O)c1ccco1)c1ccco1,0
AUG-0356,CC=C(C)C=O,0
AUG-0357,N#CC1CC(F)CN1C(=O)C(N)C(c1ccc(F)cc1)c1ccc(F)cc1,0
AUG-0358,Nc1ccccc1C(=O)O,0
AUG-0359,CCCCCCCCCCCCBr,1
AUG-0360,CC(C)(C)OC(=O)c1ccc(O)cc1,0
AUG-0361,CC(C)CC=C(C=O)c1ccccc1,1
AUG-0362,O=Cc1cc(O)ccc1C=C(CC(=O)O)C(=O)O,1
AUG-0363,COS(=O)(=O)OC,1
AUG-0364,COc1ccc(C=O)cc1O,0
AUG-0365,c1ccc2c(c1)cc1ccc3cccc4ccc2c1c34,1
AUG-0366,O=C(O)CCCCC(=O)O,0
AUG-0367,O=C(CC(=O)C(F)(F)F)c1ccccc1,1
AUG-0368,CC=CC(=O)Oc1c(C(C)CCCCCC)cc([N+](=O)[O-])cc1[N+](=O)[O-],1
AUG-0369,CC(C)(C)c1ccc(OCC2CO2)cc1,1
AUG-0370,Nc1ccc(N)cc1,1
AUG-0371,CCC1OC(=O)C(C)C(OC2CC(C)(OC)C(O)C(C)O2)C(C)C(OC2OC(C)CC(N(C)C)C2O)C(C)(O)CC(C)CN(C)C(C)C(O)C1(C)O,1
AUG-0372,Nc1cc([N+](=O)[O-])cc(Cl)c1O,1
AUG-0373,CCCCCCCCCCCCCCCBr,1
AUG-0374,C=CCCCCCCCCC=O,1
AUG-0375,CC(C)(C)OC(=O)NC(C(=O)N1CC(F)CC1C#N)C(c1ccc(F)cc1)c1ccc(F)cc1,0
AUG-0376,COc1ccc(C=O)cc1OC,1
AUG-0377,CN(N=O)C(=N)N[N+](=O)[O-],1
AUG-0378,Clc1ccccc1,0
AUG-0379,Nc1cc[nH]c(=O)n1,0
AUG-0380,CNC(C)c1cc(C(F)(F)F)cc(C(F)(F)F)c1,0
AUG-0381,Cc1cc2c(cc1C(F)(F)F)NCC2,0
AUG-0382,COC(=O)c1ccccc1O,0
AUG-0383,O=C(O)C(=O)O,1
AUG-0384,C=C1NS(=O)(=O)N=C1c1ccccc1,1
AUG-0385,CCCCCOC(=O)c1cc(O)c(O)c(O)c1,1
AUG-0386,C=C1CC=C(C(C)C)CC1,0
AUG-0387,O=S(=O)(Cl)c1ccc2c(c1)OCO2,1
AUG-0388,CON=C1CN(c2nc3c(cc2F)c(=O)c(C(=O)O)cn3C2CC2)CC1CN,1
AUG-0389,Nc1cc(F)cc(-c2cccnc2)c1,1
AUG-0390,C=CC(=O)OCC,1
AUG-0391,CCC=C1OC(=O)c2ccccc21,1
AUG-0392,CCCCCCCCCCCCCCI,1
AUG-0393,NC(=O)C1CC(F)CN1,0
AUG-0394,CCCCCCCCCC(C)C=O,1
AUG-0395,CCCCCCCCCCCCCCCCCCCl,1
AUG-0396,CCOC(=O)c1ccc(CBr)cc1,1
AUG-0397,O=C1C([PH](c2ccccc2)(c2ccccc2)c2ccccc2)CCN1c1ccccc1,0
AUG-0398,CCOC=C1N=C(c2ccccc2)OC1=O,1
AUG-0399,N#CSc1ccc(N)c([N+](=O)[O-])c1,1
AUG-0400,CCCOC(=O)c1ccc(S(=O)(=O)Cl)cc1,1
AUG-0401,CCCCCCC1=NC(C)(C)C(=O)O1,1
AUG-0402,COC(=O)c1ccc(CBr)cc1,1
AUG-0403,CC(C)N(C(=O)CNc1ccccc1Nc1ccccc1)c1ccccc1,1
AUG-0404,C=CC(=O)OCC(CC)CCCC,1
AUG-0405,CCCCN1C(=O)C(C(O)C2CCCCC2)NC(=O)C12CCN(Cc1ccc(Oc3ccc(C(=O)O)cc3)cc1)CC2,0
AUG-0406,O=C(OC1CCC1)c1ccc(O)cc1,0
AUG-0407,CCCCC1=NC(C)(C)C(=O)O1,1
AUG-0408,C=CCCCCCCCCC(=O)O,1
AUG-0409,CC1C(c2ccccc2)NC(=O)N1C,0
AUG-0410,CC1=CC=C(C(C)C)CC1,1
AUG-0411,CC(O)CO,0
AUG-0412,CCCCCCCCCCCCCCCC1=NC(C)(C)C(=O)O1,1
AUG-0413,CCOc1ccc(-c2nn3ncccc3c2-c2ccc(S(C)(=O)=O)cc2)cc1,0
AUG-0414,CC(C)(O)CCCC1=CCC(C=O)CC1,1
AUG-0415,COc1cc(C)c2c(Cl)c(OC)cc([N+](=O)[O-])c2n1,1
AUG-0416,O=C(OCc1ccccc1)c1ccc(O)cc1,0
AUG-0417,Cc1cc(F)ccc1C1CC(=O)C=CN1C(=O)OCc1ccccc1,0
AUG-0418,O=C1C=CC2(O)C3Cc4ccc(O)c5c4C2(CCN3)C1O5,1
AUG-0419,C=CCc1ccc(O)c(OC(C)C)c1,0
AUG-0420,CC(=O)C(=O)c1ccccc1,1
AUG-0421,CC(CCCCN)C(C)(C)N,1
AUG-0422,CC(C)(C)N(Cc1ccccc1)CC(O)c1ccc(O)c(CO)c1,0
AUG-0423,CC(C)=CCCC(C)=CC=O,1
AUG-0424,O=c1[nH]sc2ccccc12,1
AUG-0425,Cc1nc(COc2ccc(CC(NC(=O)OC3COC4OCCC34)C(O)CN(CC(C)C)S(=O)(=O)c3ccc4c(c3)OCO4)cc2)cs1,0
AUG-0426,CCCCOC(=O)c1cc(O)c(O)c(O)c1,1
AUG-0427,O=C(O)c1ccccc1O,0
AUG-0428,CC(C)N(C(=O)Cn1c(=O)c(=NOCc2ccccc2)c(=O)n(-c2ccccc2)c2ccccc21)c1ccccc1,0
AUG-0429,CCCc1ccc(OC)c(O)c1,1
AUG-0430,CCC1OC(=O)C(C)C(OC2CC(C)(OC)C(O)C(C)O2)C(C)C(OC2OC(C)CC(N(C)C)C2O)C(C)(OC)CC(C)C(=O)C(C)C(O)C1(C)O,0
AUG-0431,O=C(Nc1ccc(Cl)c(Cl)c1)c1cc(Cl)cc(Cl)c1O,1
AUG-0432,Cc1cccc(O)c1O,1
AUG-0433,CC(C)N(C(=O)CN1C(=O)C(NC(=O)Nc2cccc(C(=O)OC(C)(C)C)c2)C(=O)N(c2ccccc2)c2ccccc21)c1ccccc1,1
